{
  "gradient_boosting": {
    "accuracy": 0.9992063492063492,
    "precision": 1.0,
    "recall": 0.9615384615384616,
    "f1": 0.9803921568627451,
    "auc": 0.9807692307692308
  },
  "neural_network": {
    "accuracy": 0.9787037037037037,
    "precision": 0.55,
    "recall": 0.44,
    "f1": 0.4888888888888889,
    "auc": 0.9572701421800949
  },
  "random_forest": {
    "accuracy": 0.9992063492063492,
    "precision": 1.0,
    "recall": 0.9615384615384616,
    "f1": 0.9803921568627451,
    "auc": 0.9993454681461165
  }
}